A5YKK6,P53829
O00232,B4URF7
O00232,G3CKS7
O00232,P03126
O00232,P03427
O00232,P03428
O00232,P03430
O00232,P03452
O00232,P03454
O00232,P03470
O00232,P03496
O00232,P05777
O00232,P05780
O00232,P06463
O00232,P06821
O00232,P15659
O00232,P15682
O00232,Q2MG95
O00232,Q7CJ44
O00232,Q8JPQ9
O00308,P40325
O00505,Q12259
O00629,Q12259
O15217,P32502
O15217,P38340
O15265,P32494
O15265,Q02336
O15265,Q03330
O43318,A0A288CFT1
O43318,F5HEZ4
O43318,P03230
O43318,P04578
O43709,D0UZS0
O43709,P36801
O43709,Q2HR75
O43791,P38340
O75306,A0A075C673
O75306,C5E527
O75306,P03431
O75306,P0DOE9
O75369,P03496
O75369,P04591
O75369,P06788
O75369,Q9J0X9
O75381,P03179
O75381,P03220
O75381,P03508
O75381,P0CK56
O75381,P30119
O75381,Q2MG95
O75880,P06427
O75880,P06428
O75880,P06463
O75880,P06929
O75880,P24835
O76083-2,P32502
O76083-2,P39518
O76083-2,P40454
O94972,P32571
O94972,P58526
O94972,P88980
O96006,P32502
O96006,P38340
O96006,P39518
O96006,P40454
O96019,P04608
O96019,Q12692
O96019,Q6SWA4
P02649,B9UPF3
P02649,P69901
P02649,Q8D092
P02794,B9UPF3
P02794,P03225
P02794,P27958
P02794,P69901
P02794,Q1K9H5
P02794,Q69117
P02794,Q8AZJ3
P04114,P32589
P04637,P02829
P05109,Q02821
P06396,P03433
P06396,P60010
P06396,Q3SBS4
P06396,Q67020
P06396,Q6DP93
P06396,Q81KQ7
P07900,P07213
P08727,P32502
P08727,P47041
P09493,A0A218M2D5
P09493,P03454
P09493,P03470
P09493,P15682
P09493,Q72874
P0CG48,P05375
P0CG48,P22141
P0CG48,P32502
P0CG48,P32589
P0CG48,P33299
P0CG48,P38886
P0CG48,P39940
P0CG48,P40302
P0CG48,P48510
P0CG48,Q02821
P0DP24,P04578
P0DP24,P04601
P0DP24,P06422
P0DP24,P06921
P0DP24,P24830
P0DP24,P36780
P0DP24,P36801
P0DP24,Q72874
P10619,P06428
P10619,P24835
P10619,Q5NF74
P10619,Q7CGS9
P10619,Q7CKL8
P10619,Q8ZIL4
P13196,P32902
P13196,P48837
P13196,P53829
P13196,Q02821
P15531,P32502
P15531,P38340
P15531,P40454
P19012,P32502
P19012,P40454
P19012,P47041
P19012,P48837
P19012,Q03020
P20591,P32502
P20591,P38340
P20591,Q02821
P21333,P03129
P21333,P04591
P21333,P06428
P21333,P88988
P21333,Q20MH0
P21333,Q81NS9
P21333,Q9J0X9
P21912,A6YJF2
P21912,P03182
P21912,P03496
P21912,P03508
P21912,P0C6Z1
P21912,P24835
P21912,P27958
P21912,Q0A2H0
P21912,Q0A2H1
P21912,Q20MH4
P21912,Q2PJP0
P21912,Q2PJP1
P21912,Q3SBS5
P21912,Q6DP93
P21912,Q6DP94
P22314,P0CG63
P25445,A0A075C673
P25445,P03246
P25445,P06460
P25445,P06792
P25445,P0C739
P25445,P0CK49
P25445,P0CK56
P25445,Q2MG95
P35637,P31539
P35638,P40454
P36507,P03126
P36507,P06929
P36507,P24835
P38606,C5E519
P38606,F5HFG5
P38606,P06821
P38606,Q20MH8
P38646,P04601
P38646,P38340
P38646,Q20MH0
P40939,P03126
P40939,P05919
P40939,P06929
P40939,P06930
P40939,P0DOE9
P40939,Q77M19
P40939,Q81S14
P50542,P03508
P50542,Q5NG93
P50542,Q81LY0
P50542,Q81Z98
P51532,P04296
P51532,P04608
P51532,P14079
P51532,P15682
P51532,Q05322
P54727,P0DOE9
P54727,P22141
P54727,P33299
P54727,P38886
P54760,K9UT94
P54760,P0CK58
P54760,P29996
P55265,O56264
P55265,O92551
P55265,P03496
P55265,P04608
P55265,P04618
P55265,P21605
P55265,P24835
P55265,Q0A2H0
P55265,Q0HD54
P55265,Q20MH3
P55265,Q2PJP0
P55265,Q3SBS4
P55265,Q6DP93
P55265,Q7CJF5
P55265,Q99AU3
P61978,A0A075C673
P61978,D1LN35
P61978,O56264
P61978,P03129
P61978,P03225
P61978,P03496
P61978,P06430
P61978,P0C742
P61978,P10238
P61978,P21605
P61978,Q05322
P61978,Q20MH0
P61978,Q6QDQ4
P61978,Q77M19
P61978,Q8AZK7
P61978,Q99AU3
P61978,Q9J0X9
P61978,Q9WPI5
P63261,P38340
P63261,P60010
P63261,Q02821
P63279,P32502
P63279,P32562
P63279,P38340
P63279,P40956
P63279,P50623
P63279,P53286
P63279,P60010
P67775,P06782
P78347,O36551
P78347,P03431
P78347,Q5NF37
P78347,Q81Y15
P78347,Q8D192
P78347,Q8JPQ9
P78347,Q8JSN5
P78347,Q8JSN8
P78504,Q8ZCW0
P78504,Q8ZEV7
P78504,Q91B85
P82650,B4URF7
P82650,C5E522
P82650,I6TAH8
P82650,P03177
P82650,P03428
P82650,P03466
P82650,P27958
P82650,Q1HVD1
P82650,Q1K9H2
P82650,Q5EP28
Q00325,B4URE7
Q00325,O92835
Q00325,P03427
Q00325,P03430
Q00325,P03454
Q00325,P03470
Q00325,P03496
Q00325,P05777
Q00325,P05780
Q00325,P06428
Q00325,P0C765
Q00325,P0DOE9
Q00325,P15659
Q00325,P15682
Q00325,P27958
Q00325,P35256
Q00325,P36801
Q00325,P90495
Q00325,Q01220
Q00325,Q05322
Q00325,Q20MH0
Q00325,Q77M19
Q00325,Q89268
Q04721,B9UPF3
Q04721,P03182
Q04721,P06460
Q04721,P06461
Q04721,P0C6Z1
Q04721,P69901
Q07812,P03182
Q07812,P03246
Q07812,P03495
Q07812,P07213
Q07812,P0C6Z1
Q07812,P24356
Q07812,P68451
Q07812,P89884
Q07812,Q77M19
Q12800,P25372
Q12800,P35184
Q12800,P38340
Q12824,A0A0U5B5J2
Q12824,H9XIJ5
Q12824,P04326
Q12824,P04585
Q12824,P04608
Q12824,P12978
Q12824,Q88489
Q12948,P04585
Q12948,P36801
Q12948,Q72874
Q12948,Q9Q2G4
Q13490,P32502
Q13490,P40325
Q13490,Q3E793
Q14683,C5E526
Q14683,P04296
Q14683,P06429
Q14697,C5E526
Q14697,C5E527
Q14697,Q2HRC7
Q14839,P03129
Q14839,P06465
Q14839,Q81SN0
Q15041,P39518
Q15041,Q02821
Q15041,Q12259
Q15654,P25372
Q15654,P39724
Q15654,P47041
Q16611,P29311
Q16637,P03120
Q16637,P03134
Q16637,P04015
Q16637,P06790
Q16637,P12520
Q16637,P38340
Q16637,Q9WMX2
Q16836,P03129
Q16836,P06429
Q16836,P06430
Q16836,P06465
Q16836,P06788
Q16836,P24835
Q16836,P36817
Q16836,P36827
Q53EZ4,P32502
Q53EZ4,P35184
Q53EZ4,P38340
Q53G59,P32502
Q53G59,P53286
Q53H12,B4URF7
Q53H12,C5E526
Q53H12,C5E527
Q53H12,I6T1Z2
Q53H12,P03428
Q53H12,P03431
Q53H12,P03433
Q53H12,P06460
Q53H12,P0C739
Q53H12,Q1K9H5
Q53H12,Q77M19
Q5JR59-3,P28004
Q5JR59-3,P32502
Q5JR59-3,P32571
Q5JR59-3,P32902
Q5JR59-3,P40302
Q5JR59-3,P40454
Q5JR59-3,P47041
Q5JR59-3,P48837
Q5RI15,P03182
Q5RI15,P06460
Q5RI15,P06792
Q5RI15,P0C6Z1
Q5TAQ9,A0A288CFT1
Q5TAQ9,P06427
Q5TAQ9,P10233
Q5TAQ9,P12520
Q5TAQ9,P36799
Q5TAQ9,P36801
Q5VWX1,P38340
Q6KC79,Q5NHX0
Q6KC79,Q7CGS9
Q6KC79,Q81PX9
Q6NZI2,B9UPF3
Q6NZI2,P03211
Q6NZI2,P03225
Q6NZI2,P06430
Q6NZI2,P06461
Q6NZI2,P06927
Q6NZI2,P36817
Q6NZI2,P69901
Q6NZI2,Q8AZJ3
Q8N6Y0,P28004
Q8N6Y0,P32571
Q8N6Y0,P32902
Q8N6Y0,P48837
Q8NA61-2,P32464
Q8NA61-2,P32502
Q8NA61-2,P38340
Q8NA61-2,P40454
Q8NA61-2,P47041
Q8WUM4,P0CG63
Q8WV44,P53286
Q8WV44,Q12259
Q92508,P06460
Q92508,P06461
Q92508,P06792
Q92508,P06927
Q92734,P40956
Q92734,Q12259
Q92830,Q02336
Q93062-3,P32902
Q93062-3,P35184
Q93062-3,P38340
Q93062-3,P40956
Q93062-3,Q03020
Q969F0,P38340
Q969G3,P04296
Q969G3,Q05322
Q969G3,Q5NEB6
Q969G3,Q81VV7
Q96B36,P29311
Q96BA8,P05375
Q96CV9,P0C6Z9
Q96CV9,P0CK48
Q96CV9,P0CK53
Q96CV9,P14335
Q96CV9,P29882
Q96CV9,P38182
Q96CV9,P40302
Q96CV9,P40325
Q96CV9,P40454
Q96CV9-2,P40302
Q96CV9-2,P40325
Q96CV9-2,P40454
Q96PU8,P38340
Q99714,P05777
Q99714,Q0HD54
Q99714,Q1K9H5
Q99750,P06782
Q99750,P32589
Q99750,P35184
Q99750,Q12259
Q9BPX1,P32502
Q9BPX1,P38340
Q9BUB7,P06427
Q9BUB7,P06429
Q9BUB7,P24835
Q9BUB7,P36801
Q9BUB7,P36817
Q9BXW9,B4URF7
Q9BXW9,C5E526
Q9BXW9,C5E527
Q9BXW9,I6T1Z2
Q9BXW9,P03431
Q9BXW9,P06821
Q9BXW9,P0C0U1
Q9BXW9,P0DOE9
Q9BXW9,Q1K9H5
Q9BXW9,Q20MH8
Q9BXW9,Q77M19
Q9H9J2,I6TAH8
Q9H9J2,P03466
Q9H9J2,Q1K9H2
Q9NR12,B9UPF3
Q9NR12,P03177
Q9NR12,P03182
Q9NR12,P03220
Q9NR12,P06428
Q9NR12,P06430
Q9NR12,P06460
Q9NR12,P06464
Q9NR12,P0C6Z1
Q9NR12,P0CK49
Q9NR12,P69901
Q9NR12,Q1HVD1
Q9NR12,Q5NEC0
Q9NR56,P03428
Q9NR56,Q74R28
Q9NR56,Q8ZF52
Q9NR56,Q8ZG09
Q9NRY6,P32502
Q9NRY6,P38340
Q9NS73,Q02821
Q9NVI1,C5E519
Q9NVI1,C5E526
Q9NVI1,C5E527
Q9NVI1,P0C0U1
Q9NVI7,B9UPF3
Q9NVI7,B9VXK6
Q9NVI7,P03182
Q9NVI7,P03209
Q9NVI7,P03220
Q9NVI7,P06460
Q9NVI7,P06461
Q9NVI7,P06927
Q9NVI7,P0C6Z1
Q9NVI7,P69901
Q9NVV9,P32502
Q9NVV9,P38340
Q9NVV9,P53829
Q9NVV9,Q02821
Q9UDV6,P28004
Q9UDV6,P32502
Q9UDV6,P38340
Q9UKV8,E5LBS6
Q9UKV8,P04591
Q9UKV8,Q2HRC9
Q9UMX0,P0CG63
Q9UMX0,P22141
Q9UMX0,P33299
Q9UMX0,P38886
Q9UQE7,A0A288CFT1
Q9UQE7,C5E527
Q9UQE7,P04608
Q9UQE7,P0DOE9
Q9UQE7,Q20MH8
Q9UQE7,Q77M19
Q9UQE7,Q7CH26
Q9UQE7,Q81KT8
Q9Y230,Q12692
Q9Y265,Q12692
Q9Y2D8,P32502
Q9Y2D8,P38340
Q9Y2D8,P47041
Q9Y3Z3,C5E526
Q9Y3Z3,P03129
Q9Y3Z3,Q20MH0
Q9Y6D5,P39940
Q9Y6D6,P39940
Q9Y6D9,P28004
Q9Y6D9,P32502
Q9Y6D9,P32571
Q9Y6X0,P06821
Q9Y6X0,P0DOF5
Q9Y6X0,P0DOF8
